gen,cells,spd_avg,spd_dev,vis_avg,vis_dev,len_avg,wid_avg,hgt_avg,asp_avg,asp_dev,spk_avg,spk_max,food,density,lineages,oldest,ph_emit,abs_x,abs_y,edge_frac,corner_frac,mean_x,mean_y,energy_avg,births,deaths,fertile_ticks,atk_emit,predation_events,recurrent_io,nn_dist_avg,density_avg,density_dev,dmg_avg,noise_avg,bonds_formed,bonds_broken,mean_bond_count,bond_active_frac,bond_signal_avg,adhesion_entropy,bond_stiff_avg,bond_damp_avg,hunter_attacks,hunters_alive,immune_frac,state_avg,state_dev,altruist_frac,fov_avg,fov_dev,temp_avg,topt_avg,topt_dev,hunter_births,hunter_deaths,h_spd_avg,h_vis_avg,h_fov_avg,h_dmg_avg,h_size_avg,carnivore_avg,exposure_avg,gain_vis_avg,gain_chem_avg,gain_def_avg
0,200,58.64,17.628,49.77,16.956,0.993,0.993,0.993,1.000,0.000,0.050,0.100,19938,1.000,200,0,0.000,0.471,0.537,0.190,0.010,0.068,-0.006,100.00,0,0,0,0.000,0,0.000,49.37,0.000,0.000,0.000,0.487,0,0,0.000,0.000,0.000,0.998,4.007,0.593,0,12,0.000,0.502,0.027,0.000,3.142,0.000,17.19,16.52,7.571,0,0,299.81,199.98,1.457,8.479,1.193,0.229,1.000,0.995,0.991,1.024
1,400,60.87,16.351,50.81,17.265,1.070,1.091,1.070,1.002,0.292,0.117,0.557,19761,1.019,177,1,0.587,0.464,0.500,0.177,0.000,0.158,0.017,101.57,224,24,5333,0.433,81,0.445,28.03,0.442,0.372,0.001,0.547,36,45,0.068,0.048,0.651,0.989,4.170,0.596,184,12,0.003,0.407,0.450,0.367,3.121,0.038,13.88,16.88,7.119,0,0,299.81,199.98,1.457,8.479,1.193,0.208,0.974,1.001,0.977,1.044
2,962,65.57,14.526,50.30,16.854,1.081,1.129,1.183,1.005,0.391,0.161,1.041,16398,1.037,122,2,0.637,0.423,0.492,0.120,0.003,0.201,0.059,86.77,787,225,7094,0.407,741,0.454,15.99,0.705,0.417,0.001,0.531,995,1725,0.220,0.121,0.623,0.973,4.321,0.616,287,12,0.010,0.195,0.382,0.180,3.074,0.080,15.24,16.57,7.554,0,0,299.81,199.98,1.457,8.479,1.193,0.200,0.923,1.044,0.986,0.987
3,1127,67.23,14.596,54.38,18.568,1.162,1.178,1.227,1.060,0.483,0.186,1.539,12568,1.055,85,3,0.642,0.431,0.448,0.136,0.009,0.038,0.004,83.47,778,613,8585,0.472,2496,0.457,15.52,0.797,0.441,0.013,0.490,1514,2708,0.273,0.154,0.623,0.979,4.209,0.629,287,12,0.016,0.283,0.438,0.273,3.057,0.090,15.83,16.75,6.965,0,0,299.81,199.98,1.457,8.479,1.193,0.208,0.905,1.080,0.946,1.006
4,995,65.25,14.784,56.05,19.451,1.252,1.246,1.304,1.104,0.559,0.214,2.000,10003,1.072,66,4,0.667,0.512,0.474,0.182,0.001,-0.029,-0.062,90.19,604,736,8273,0.517,2688,0.462,17.07,0.725,0.437,0.010,0.490,1145,2127,0.201,0.136,0.643,0.980,4.309,0.643,366,12,0.003,0.241,0.414,0.229,3.048,0.102,16.01,17.91,6.403,0,0,299.81,199.98,1.457,8.479,1.193,0.196,0.924,1.055,0.917,1.032
5,891,65.37,14.027,55.52,21.021,1.317,1.309,1.360,1.127,0.646,0.233,2.000,8469,1.088,52,5,0.679,0.506,0.460,0.172,0.008,-0.019,-0.037,97.01,531,635,7996,0.461,3230,0.468,17.55,0.687,0.426,0.011,0.497,759,1328,0.220,0.132,0.644,0.980,4.168,0.634,329,12,0.013,0.181,0.374,0.172,3.039,0.103,15.97,18.18,6.543,0,0,299.81,199.98,1.457,8.479,1.193,0.174,0.924,1.047,0.917,1.099
6,786,64.69,15.552,52.77,21.939,1.427,1.303,1.383,1.250,0.750,0.258,2.000,7661,1.103,46,6,0.691,0.510,0.499,0.218,0.025,0.014,0.028,99.57,410,515,8489,0.459,2168,0.469,19.68,0.644,0.446,0.005,0.495,648,1188,0.205,0.132,0.676,0.960,4.096,0.606,185,10,0.004,0.132,0.330,0.126,3.025,0.116,16.09,18.17,7.112,0,2,293.58,211.61,1.422,8.463,1.170,0.173,0.923,1.059,0.912,1.121
7,686,68.54,17.320,53.24,20.722,1.524,1.298,1.370,1.362,0.812,0.259,2.000,7239,1.116,34,7,0.713,0.469,0.481,0.169,0.000,0.046,-0.012,103.84,405,505,8655,0.442,1882,0.467,20.08,0.593,0.422,0.005,0.504,459,804,0.184,0.120,0.688,0.977,4.071,0.580,212,8,0.007,0.153,0.343,0.144,3.024,0.113,15.69,17.35,7.266,0,2,289.68,217.63,1.429,9.008,1.112,0.164,0.932,1.047,0.922,1.142
8,579,71.80,18.633,50.37,22.222,1.604,1.338,1.407,1.401,0.847,0.289,2.000,7443,1.127,31,8,0.699,0.448,0.471,0.136,0.007,-0.033,0.057,108.82,312,419,7591,0.440,2027,0.470,22.17,0.548,0.424,0.008,0.512,539,976,0.192,0.142,0.656,0.982,4.153,0.564,160,7,0.002,0.190,0.378,0.180,3.012,0.125,16.29,16.33,7.302,0,1,295.58,210.52,1.556,9.508,1.152,0.155,0.924,1.032,0.933,1.116
9,650,75.62,17.296,47.44,21.431,1.581,1.325,1.428,1.400,0.879,0.268,2.000,6697,1.136,29,9,0.734,0.477,0.500,0.160,0.011,0.003,-0.077,108.89,425,354,7810,0.470,1716,0.475,22.20,0.525,0.415,0.012,0.517,437,739,0.214,0.131,0.636,0.985,4.232,0.577,235,7,0.003,0.160,0.349,0.152,3.007,0.134,15.32,15.83,7.450,1,1,305.28,199.60,1.731,10.051,1.218,0.142,0.920,0.985,0.972,1.100
10,706,75.55,17.986,48.47,22.166,1.607,1.293,1.437,1.441,0.847,0.234,2.000,5787,1.143,26,10,0.782,0.501,0.501,0.205,0.007,0.013,-0.000,101.71,470,414,8728,0.508,2564,0.476,21.19,0.530,0.398,0.005,0.517,610,1051,0.197,0.139,0.650,0.981,4.132,0.582,315,7,0.007,0.111,0.305,0.103,3.001,0.147,15.46,16.13,7.589,0,0,305.28,199.60,1.731,10.051,1.218,0.127,0.925,0.981,0.987,1.108
11,641,78.61,17.528,48.98,22.381,1.677,1.259,1.440,1.554,0.890,0.271,2.000,5624,1.147,25,11,0.803,0.487,0.468,0.195,0.008,0.003,-0.018,103.07,358,423,8180,0.500,2427,0.476,21.68,0.518,0.379,0.008,0.507,389,656,0.186,0.139,0.626,0.982,4.094,0.605,185,6,0.000,0.067,0.240,0.061,3.005,0.140,15.03,16.44,6.868,0,1,320.00,184.54,1.901,9.816,1.200,0.109,0.925,0.971,1.026,1.081
12,654,82.20,16.647,49.05,21.532,1.681,1.178,1.483,1.644,0.887,0.267,2.000,5423,1.150,23,12,0.848,0.486,0.498,0.157,0.009,-0.017,0.037,101.70,368,355,8214,0.499,2260,0.480,21.14,0.533,0.376,0.009,0.527,304,492,0.223,0.145,0.658,0.992,3.972,0.603,278,5,0.005,0.065,0.235,0.058,2.999,0.135,15.00,16.80,6.760,0,1,322.89,185.85,1.892,9.514,1.225,0.095,0.916,0.965,1.063,1.066
13,663,84.81,15.850,50.48,22.298,1.709,1.199,1.499,1.655,0.947,0.303,2.000,5100,1.150,22,13,0.838,0.465,0.482,0.175,0.002,-0.010,-0.012,101.87,352,343,8380,0.523,2014,0.482,21.44,0.535,0.384,0.008,0.538,274,459,0.207,0.142,0.611,0.989,4.010,0.579,326,5,0.005,0.045,0.202,0.042,2.991,0.142,14.27,16.38,7.077,0,0,322.89,185.85,1.892,9.514,1.225,0.100,0.921,0.978,1.041,1.088
14,632,85.74,15.946,49.54,22.005,1.774,1.193,1.539,1.734,0.972,0.297,2.000,4938,1.147,20,14,0.856,0.489,0.477,0.150,0.009,0.045,0.027,107.56,334,365,8404,0.542,2467,0.483,20.43,0.543,0.358,0.018,0.514,315,527,0.201,0.152,0.568,0.987,4.039,0.563,228,6,0.000,0.051,0.210,0.046,2.994,0.147,14.24,15.99,6.735,1,0,320.78,172.56,1.980,9.591,1.233,0.094,0.919,0.964,1.042,1.124
15,634,87.11,15.874,51.18,23.526,1.859,1.214,1.526,1.780,0.997,0.269,2.000,4828,1.143,19,15,0.844,0.466,0.483,0.161,0.009,0.039,-0.008,105.78,355,353,8134,0.546,2372,0.486,21.61,0.546,0.353,0.011,0.528,364,649,0.169,0.128,0.584,0.992,4.052,0.586,217,6,0.000,0.032,0.166,0.028,2.958,0.167,14.10,16.26,6.489,0,0,320.78,172.56,1.980,9.591,1.233,0.086,0.932,0.937,1.018,1.110
16,630,87.84,15.088,49.99,23.769,1.895,1.223,1.537,1.835,1.057,0.294,2.000,4919,1.136,19,16,0.842,0.456,0.486,0.165,0.011,0.047,-0.021,99.24,303,307,7888,0.542,2421,0.485,20.47,0.575,0.376,0.019,0.535,273,459,0.190,0.140,0.535,0.993,3.925,0.573,241,6,0.000,0.032,0.169,0.029,2.951,0.172,14.00,17.06,6.400,0,0,320.78,172.56,1.980,9.591,1.233,0.080,0.924,0.950,1.026,1.103
17,661,91.31,15.226,51.76,24.133,1.979,1.232,1.584,1.908,1.083,0.300,2.000,4631,1.127,18,17,0.866,0.482,0.491,0.174,0.014,0.019,-0.007,95.72,359,328,8718,0.528,2877,0.486,20.94,0.560,0.374,0.003,0.539,233,352,0.213,0.159,0.551,0.984,3.882,0.620,283,6,0.003,0.039,0.185,0.036,2.937,0.173,13.35,17.83,5.946,0,0,320.78,172.56,1.980,9.591,1.233,0.081,0.916,0.952,1.015,1.119
18,714,94.26,15.513,51.62,22.952,1.959,1.232,1.573,1.866,1.062,0.277,2.000,3734,1.116,18,18,0.901,0.494,0.487,0.175,0.008,0.033,-0.021,94.15,442,389,9397,0.517,2749,0.488,20.84,0.569,0.385,0.003,0.526,286,475,0.189,0.139,0.488,0.975,3.872,0.625,361,7,0.001,0.030,0.162,0.028,2.927,0.169,13.58,17.70,5.878,1,0,320.37,164.10,2.048,9.602,1.254,0.074,0.926,0.946,0.998,1.155
19,640,97.68,14.065,50.25,22.886,2.039,1.241,1.601,1.945,1.089,0.307,2.000,3853,1.103,17,19,0.882,0.500,0.483,0.167,0.009,0.028,-0.008,91.43,316,390,8427,0.554,2991,0.489,22.37,0.522,0.374,0.009,0.527,248,434,0.147,0.116,0.450,0.980,3.882,0.640,400,6,0.000,0.026,0.150,0.022,2.908,0.169,12.93,17.69,5.786,0,1,330.99,150.94,2.050,9.474,1.213,0.078,0.940,0.940,0.943,1.185
20,589,98.80,13.444,46.70,24.012,2.106,1.266,1.635,1.986,1.122,0.331,2.000,4087,1.088,17,20,0.897,0.508,0.470,0.212,0.008,0.027,0.005,93.57,279,330,8666,0.528,2701,0.490,21.50,0.487,0.369,0.015,0.540,169,260,0.182,0.134,0.482,0.980,3.823,0.625,429,6,0.002,0.019,0.133,0.017,2.906,0.176,12.37,17.17,5.825,0,0,330.99,150.94,2.050,9.474,1.213,0.081,0.928,0.933,0.965,1.187
21,638,101.43,12.467,46.30,23.177,2.044,1.277,1.607,1.907,1.073,0.311,2.000,3814,1.072,17,21,0.930,0.476,0.480,0.161,0.009,-0.034,0.033,93.86,348,299,10081,0.544,2943,0.490,21.98,0.489,0.378,0.010,0.529,212,331,0.191,0.143,0.528,0.980,3.758,0.622,341,6,0.002,0.013,0.111,0.013,2.896,0.184,11.54,16.49,5.968,0,0,330.99,150.94,2.050,9.474,1.213,0.077,0.924,0.891,0.932,1.181
22,672,102.01,12.027,47.98,22.443,2.092,1.254,1.708,1.996,1.076,0.336,2.000,3515,1.055,16,22,0.921,0.467,0.487,0.155,0.021,0.018,-0.033,90.61,360,326,8737,0.562,2973,0.490,21.28,0.469,0.359,0.004,0.524,194,304,0.183,0.135,0.482,0.984,3.710,0.624,514,7,0.000,0.009,0.093,0.009,2.899,0.194,11.33,16.29,5.744,1,0,328.56,144.21,2.087,9.453,1.236,0.069,0.926,0.862,0.914,1.153
23,626,104.19,11.843,47.86,21.753,2.199,1.209,1.735,2.175,1.154,0.370,2.000,3479,1.037,16,23,0.926,0.468,0.469,0.144,0.011,0.005,0.019,92.26,306,352,8842,0.591,3911,0.491,21.79,0.447,0.345,0.011,0.541,231,382,0.157,0.107,0.463,0.990,3.675,0.571,612,9,0.003,0.006,0.080,0.006,2.897,0.193,10.88,15.59,5.780,2,0,324.14,137.03,2.146,9.416,1.269,0.065,0.941,0.856,0.886,1.176
24,626,104.77,12.430,46.43,20.743,2.245,1.184,1.794,2.238,1.158,0.351,2.000,3477,1.019,16,24,0.919,0.476,0.476,0.171,0.002,-0.011,-0.034,96.00,304,304,9453,0.632,3557,0.492,22.81,0.451,0.352,0.013,0.518,132,188,0.169,0.112,0.421,0.985,3.669,0.597,585,10,0.006,0.002,0.040,0.002,2.894,0.195,9.79,15.00,5.956,1,0,324.80,135.02,2.158,9.432,1.277,0.056,0.937,0.850,0.877,1.172
25,659,106.61,13.570,45.93,21.377,2.266,1.247,1.859,2.180,1.228,0.348,2.000,3348,1.000,16,25,0.920,0.471,0.476,0.147,0.009,0.047,-0.054,92.69,342,309,9333,0.646,4267,0.492,22.83,0.443,0.345,0.012,0.532,164,278,0.118,0.103,0.425,0.995,3.654,0.619,692,10,0.000,0.002,0.039,0.002,2.883,0.192,9.93,14.51,6.091,0,0,324.80,135.02,2.158,9.432,1.277,0.054,0.950,0.848,0.858,1.134
26,655,107.80,13.848,46.11,21.363,2.334,1.195,1.904,2.349,1.245,0.338,2.000,3273,0.981,15,26,0.924,0.471,0.472,0.134,0.005,0.045,-0.054,95.51,310,314,8594,0.670,3733,0.493,20.78,0.462,0.353,0.017,0.540,133,187,0.159,0.119,0.424,0.997,3.637,0.608,885,11,0.000,0.002,0.039,0.002,2.865,0.200,9.39,14.62,5.862,1,0,323.82,132.66,2.189,9.436,1.283,0.054,0.936,0.844,0.827,1.120
27,648,110.52,14.344,46.94,22.961,2.428,1.168,1.931,2.477,1.213,0.338,2.000,3283,0.963,14,27,0.941,0.492,0.486,0.187,0.003,-0.012,0.002,93.82,281,288,8604,0.690,3730,0.493,21.74,0.466,0.375,0.011,0.535,152,225,0.171,0.130,0.400,0.985,3.535,0.615,743,12,0.002,0.000,0.001,0.000,2.863,0.183,8.47,14.43,5.875,1,0,324.51,131.06,2.189,9.438,1.292,0.055,0.931,0.845,0.789,1.103
28,668,112.36,15.040,47.37,22.736,2.428,1.216,1.945,2.398,1.244,0.291,2.000,3110,0.945,13,28,0.942,0.471,0.479,0.166,0.006,-0.019,-0.015,94.39,343,323,9283,0.673,3989,0.493,22.15,0.467,0.351,0.008,0.529,149,247,0.111,0.090,0.385,0.981,3.421,0.616,977,13,0.001,0.000,0.001,0.000,2.875,0.178,8.02,13.98,5.667,1,0,324.09,129.36,2.186,9.474,1.307,0.053,0.955,0.865,0.787,1.097
29,663,113.01,15.098,48.47,22.251,2.570,1.262,2.024,2.491,1.305,0.298,2.000,3110,0.928,13,29,0.944,0.478,0.470,0.170,0.002,0.005,0.020,91.54,296,301,9237,0.687,4458,0.494,20.69,0.499,0.350,0.019,0.523,112,170,0.113,0.090,0.354,0.970,3.476,0.638,961,13,0.002,0.000,0.002,0.000,2.887,0.168,7.60,13.60,5.597,2,2,318.66,114.90,2.275,9.439,1.350,0.055,0.955,0.845,0.824,1.118
30,610,113.86,15.717,50.75,22.997,2.605,1.218,2.096,2.627,1.369,0.285,2.000,3183,0.912,13,30,0.955,0.490,0.471,0.175,0.003,0.005,0.038,93.26,297,350,9481,0.653,4238,0.495,20.47,0.506,0.357,0.003,0.513,137,194,0.159,0.125,0.351,0.984,3.415,0.612,871,13,0.002,0.000,0.000,0.000,2.897,0.166,7.07,13.88,5.754,0,0,318.66,114.90,2.275,9.439,1.350,0.059,0.936,0.832,0.836,1.116
